{"RuleTriggered": 1, "Violations": 1, "Details": {"algo-1": {"cpu": {"p25": 34.790625, "p50": 37.61375, "p75": 54.878125, "p95": 83.20325, "upper": 85.00937499999999, "lower": 4.659375000000001}, "gpu0": {"p25": 0.0, "p50": 0.0, "p75": 13.0, "p95": 14.0, "upper": 19.0, "lower": 0.0}, "gpu0_memory": {"p25": 0.0, "p50": 0.0, "p75": 10.0, "p95": 11.0, "upper": 11.0, "lower": 0.0}}, "last_timestamp": 1674940680000000}, "Datapoints": 1100, "RuleParameters": "cpu_threshold_p95:70\ngpu_threshold_p95:70\ngpu_memory_threshold_p95:70\npatience:1000\nwindow:500"}