{"RuleTriggered": 0, "Violations": 20, "Details": {"low_gpu_utilization": 771, "bottlenecks": {"1674940787.500292": {"GPUs": 1, "CPUs": 1}, "1674940858.000288": {"GPUs": 1, "CPUs": 1}, "1674940859.00028": {"GPUs": 1, "CPUs": 1}, "1674940859.500288": {"GPUs": 1, "CPUs": 1}, "1674940861.000297": {"GPUs": 1, "CPUs": 1}, "1674940862.000317": {"GPUs": 1, "CPUs": 1}, "1674940863.5003": {"GPUs": 1, "CPUs": 1}, "1674940864.000289": {"GPUs": 1, "CPUs": 1}, "1674940864.500292": {"GPUs": 1, "CPUs": 1}, "1674940865.000277": {"GPUs": 1, "CPUs": 1}, "1674940865.500294": {"GPUs": 1, "CPUs": 1}, "1674940866.500311": {"GPUs": 1, "CPUs": 1}, "1674940867.000282": {"GPUs": 1, "CPUs": 1}, "1674940867.500292": {"GPUs": 1, "CPUs": 1}, "1674940874.000294": {"GPUs": 1, "CPUs": 1}, "1674940880.000292": {"GPUs": 1, "CPUs": 1}, "1674940881.000341": {"GPUs": 1, "CPUs": 1}, "1674940882.500304": {"GPUs": 1, "CPUs": 1}, "1674940883.000282": {"GPUs": 1, "CPUs": 1}, "1674940883.500308": {"GPUs": 1, "CPUs": 1}}}, "Datapoints": 1102, "RuleParameters": "threshold:50\nio_threshold:50\ngpu_threshold:10\npatience:1000"}