{"RuleTriggered": 0, "Violations": 0, "Details": {"Network": {"algo-1": {"max": 67216021.45, "p99": 2.8, "p95": 0, "p50": 0, "min": 0}}, "GPU": {"algo-1": {"max": 19.0, "p99": 14.0, "p95": 14.0, "p50": 0, "min": 0}}, "CPU": {"algo-1": {"max": 95.88, "p99": 90.8, "p95": 83.2, "p50": 37.61, "min": 1.0}}, "CPU memory": {"algo-1": {"max": 29.83, "p99": 28.7, "p95": 28.33, "p50": 28.12, "min": 7.7}}, "GPU memory": {"algo-1": {"max": 11.0, "p99": 11.0, "p95": 11.0, "p50": 0, "min": 0}}, "I/O": {"algo-1": {"max": 39.48, "p99": 29.34, "p95": 23.34, "p50": 0, "min": 0}}}, "Datapoints": 1100, "RuleParameters": ""}