{"RuleTriggered": 0, "Violations": 0, "Details": {"ratio": {"gpu_functions-dev:0": 50.35826152596513, "cpu_functions": 49.64173847403487}, "phase": {"Step:ModeKeys.TRAIN": 16.264457237663667, "others": 81.19836997814339, "Step:ModeKeys.EVAL": 2.5371727841929435}, "phase_time": {}, "CPU": {"aten::conv2d": 20.13623185273546, "aten::convolution": 20.13126708677218, "aten::_convolution": 20.127079658395555, "aten::cudnn_convolution": 20.12099348738924, "aten::linear": 2.9425744788805277, "aten::addmm": 2.941720681859122, "enumerate(DataLoader)#_SingleProcessDataLoaderIter.__next__": 13.60013275396791}, "CPU_total": {"aten::conv2d": 7900751, "aten::convolution": 7898803, "aten::_convolution": 7897160, "aten::cudnn_convolution": 7894772, "aten::linear": 1154563, "aten::addmm": 1154228, "enumerate(DataLoader)#_SingleProcessDataLoaderIter.__next__": 5336215}, "GPU": {"aten::conv2d": 20.19386175753331, "aten::convolution": 20.19204690249932, "aten::_convolution": 20.190403212711256, "aten::cudnn_convolution": 20.18831147272063, "aten::linear": 2.9016461087557293, "aten::addmm": 2.901384326614905, "enumerate(DataLoader)#_SingleProcessDataLoaderIter.__next__": 13.432346219164865}, "GPU_total": {"aten::conv2d": 8022555, "aten::convolution": 8021834, "aten::_convolution": 8021181, "aten::cudnn_convolution": 8020350, "aten::linear": 1152757, "aten::addmm": 1152653, "enumerate(DataLoader)#_SingleProcessDataLoaderIter.__next__": 5336361}, "general": {"DataLoaderIterInitialize": 0.0017825349368449342, "DataLoaderIter": 12.188476300053749, "Forward": 87.8097411650094}}, "Datapoints": 0, "RuleParameters": ""}