{"RuleTriggered": 1, "Violations": 1, "Details": {"algo-1": {"cpu": {"p25": 34.51375, "p50": 37.432500000000005, "p75": 61.883750000000006, "p95": 83.393, "upper": 94.1875, "lower": 8.1725}, "gpu0": {"p25": 0.0, "p50": 0.0, "p75": 13.0, "p95": 14.0, "upper": 16.0, "lower": 0.0}, "gpu0_memory": {"p25": 0.0, "p50": 0.0, "p75": 10.0, "p95": 11.0, "upper": 11.0, "lower": 0.0}}, "last_timestamp": 1675004160000000}, "Datapoints": 1035, "RuleParameters": "cpu_threshold_p95:70\ngpu_threshold_p95:70\ngpu_memory_threshold_p95:70\npatience:1000\nwindow:500"}