{"RuleTriggered": 0, "Violations": 21, "Details": {"low_gpu_utilization": 727, "bottlenecks": {"1675004310.501012": {"GPUs": 1, "CPUs": 1}, "1675004319.000339": {"GPUs": 1, "CPUs": 1}, "1675004319.500342": {"GPUs": 1, "CPUs": 1}, "1675004320.000342": {"GPUs": 1, "CPUs": 1}, "1675004321.000353": {"GPUs": 1, "CPUs": 1}, "1675004322.000367": {"GPUs": 1, "CPUs": 1}, "1675004323.000365": {"GPUs": 1, "CPUs": 1}, "1675004324.000344": {"GPUs": 1, "CPUs": 1}, "1675004324.500357": {"GPUs": 1, "CPUs": 1}, "1675004325.000333": {"GPUs": 1, "CPUs": 1}, "1675004325.500351": {"GPUs": 1, "CPUs": 1}, "1675004326.00034": {"GPUs": 1, "CPUs": 1}, "1675004326.500347": {"GPUs": 1, "CPUs": 1}, "1675004327.000344": {"GPUs": 1, "CPUs": 1}, "1675004327.500353": {"GPUs": 1, "CPUs": 1}, "1675004328.000344": {"GPUs": 1, "CPUs": 1}, "1675004328.500345": {"GPUs": 1, "CPUs": 1}, "1675004329.000355": {"GPUs": 1, "CPUs": 1}, "1675004333.500638": {"GPUs": 1, "CPUs": 1}, "1675004334.000345": {"GPUs": 1, "CPUs": 1}, "1675004339.500347": {"GPUs": 1, "CPUs": 1}}}, "Datapoints": 1037, "RuleParameters": "threshold:50\nio_threshold:50\ngpu_threshold:10\npatience:1000"}