{"RuleTriggered": 0, "Violations": 0, "Details": {"Network": {"algo-1": {"max": 78916751.36, "p99": 93.78, "p95": 0, "p50": 0, "min": 0}}, "GPU": {"algo-1": {"max": 16.0, "p99": 14.0, "p95": 14.0, "p50": 0, "min": 0}}, "CPU": {"algo-1": {"max": 94.19, "p99": 91.03, "p95": 83.39, "p50": 37.43, "min": 8.17}}, "CPU memory": {"algo-1": {"max": 29.15, "p99": 28.32, "p95": 28.09, "p50": 27.93, "min": 7.61}}, "GPU memory": {"algo-1": {"max": 11.0, "p99": 11.0, "p95": 11.0, "p50": 0, "min": 0}}, "I/O": {"algo-1": {"max": 32.81, "p99": 27.09, "p95": 21.02, "p50": 0, "min": 0}}}, "Datapoints": 1035, "RuleParameters": ""}