{"RuleTriggered": 0, "Violations": 0, "Details": {"ratio": {"gpu_functions-dev:0": 50.1945460683766, "cpu_functions": 49.8054539316234}, "phase": {"Step:ModeKeys.TRAIN": 21.457315000683643, "others": 76.22975788428208, "Step:ModeKeys.EVAL": 2.3129271150342814}, "phase_time": {}, "CPU": {"aten::conv2d": 23.007757099841122, "aten::convolution": 23.004877036542926, "aten::_convolution": 23.00254443474752, "aten::cudnn_convolution": 22.999141857559326, "enumerate(DataLoader)#_SingleProcessDataLoaderIter.__next__": 7.985679571309092}, "CPU_total": {"aten::conv2d": 16600371, "aten::convolution": 16598293, "aten::_convolution": 16596610, "aten::cudnn_convolution": 16594155, "enumerate(DataLoader)#_SingleProcessDataLoaderIter.__next__": 5761763}, "GPU": {"aten::conv2d": 23.0188275454766, "aten::convolution": 23.017781450671695, "aten::_convolution": 23.01680830721503, "aten::cudnn_convolution": 23.015630074118985, "enumerate(DataLoader)#_SingleProcessDataLoaderIter.__next__": 7.930952622517696}, "GPU_total": {"aten::conv2d": 16723445, "aten::convolution": 16722685, "aten::_convolution": 16721978, "aten::cudnn_convolution": 16721122, "enumerate(DataLoader)#_SingleProcessDataLoaderIter.__next__": 5761929}, "general": {"DataLoaderIterInitialize": 0.0014096209640096842, "DataLoaderIter": 10.058926731844302, "Forward": 89.9396636471917}}, "Datapoints": 0, "RuleParameters": ""}